old_id,old_category,old_requirement,old_risk,old_revision,disposition,new_id,new_category,new_requirement,new_risk,priority,disposition_note
10,General,Features of Gemini Enterprise for CX that are Non-GA or Pre-GA **MUST NOT** be used.,High,1,weakened,10,General,Features of Gemini Enterprise for CX that are Non-GA or Pre-GA **MUST NOT** be used in production or with protected health information or other personal data.,High,,"Update: Notes corrected: three of four documentation trees publish release notes (suite root has none); Agent Assist release notes added to References, since the only in-window release (2026-09-01) was there. Review fix: Replaced an unsupported claim about compliance certifications with the actual Pre-GA terms and HIPAA-page quotes; added the HIPAA page reference. (F15) Audit fix (2026-09-24): Scope stated as production use and regulated data; non-production evaluation on synthetic data permitted under stated isolation conditions; Added the rule that the more restrictive stage governs when sources disagree, the isolation conditions for evaluation, and a Pre-GA feature register. Review fix (2026-09-30): Notes trimmed under 1,000 characters without loss of substance. (R4)"
20,General,Commerce agents **MUST NOT** be deployed.,High,0,corrected,20,General,Commerce agents **MUST NOT** be deployed.,High,,Review fix: Rested the prohibition on unreleased and Pre-GA status instead of a false claim that the product is absent from the HIPAA covered-products list. (F16)
30,General,The `v1beta` CX Agent Studio API and the `v1alpha1` CX Insights API **MUST NOT** be called from production workloads.,High,0,corrected,30,General,The `v1beta` CX Agent Studio API and the `v1alpha1` CX Insights API **MUST NOT** be called from production workloads.,High,,Review fix: Cited the REST overview pages that show v1beta and v1alpha1 and marked their Pre-GA status as inferred rather than stated by Google. (F113) Audit fix (2026-09-24): Pre-GA treatment of v1beta and v1alpha1 restated as organizational policy rather than inferred fact; Detective query scoped to runtime principals; evaluation conditions stated.
40,General,The Google Maps tool in CX Agent Studio **MUST NOT** be enabled on any agent application.,Med,0,strengthened,40,General,The Google Maps tool in CX Agent Studio **MUST NOT** be enabled on any agent application.,High,,"Review fix: Raised Risk from Med to High to match the Preview-model prohibition and the Pre-GA baseline, since the rationale also has data leaving the boundary. (F24) Audit fix (2026-09-24): Tool-overview Preview status refreshed (A2A Protocol tool now also Preview)."
50,General,"CX Insights capabilities documented as Preview, including fine-grained access control, conversation datasets, and multiple scorecards, **MUST NOT** be used as the control of record or as a production dependency.",High,1,corrected,50,General,"CX Insights capabilities documented as Preview, including fine-grained access control, conversation datasets, and multiple scorecards, **MUST NOT** be used as the control of record or as a production dependency.",High,,Update: Notes record that Preview status of conversation datasets and multiple scorecards comes from the release notes only; feature pages carry no banner and v1 REST resources do not imply GA. Two feature-page references added. Review fix: Added HITRUST 01.v because the row governs the only per-conversation access boundary in CX Insights. (F44)
60,General,A capability certification review **MUST** be completed and approved before any Gemini Enterprise for CX component processes production member conversation data.,High,1,corrected,60,General,A capability certification review **MUST** be completed and approved before any Gemini Enterprise for CX component processes production member conversation data.,High,,"Review fix: Removed conversation TTL from the irreversible decisions and cited the CMEK, region, and TTL pages that support the remaining claims. (F17) Review fix (2026-09-30): Notes trimmed under 1,000 characters without loss of substance. (R4)"
70,General,"Newly released Gemini Enterprise for CX features **MUST** be reviewed and explicitly approved before enablement, on a review cadence no longer than monthly.",Med,1,corrected,70,General,"Newly released Gemini Enterprise for CX features **MUST** be reviewed and explicitly approved before enablement, on a review cadence no longer than monthly.",Med,,"Update: Stream count corrected from four to three plus the suite overview page; notes add reconciling the tools overview, where new tool types appear without a release note. Review fix: Replaced the incorrect count and time span with the checked count of twelve feature entries from February 4 to July 1, 2026, and dropped the unsourced opt-in claim. (F55)"
80,General,"The configuration baseline for every Gemini Enterprise for CX project - guardrails, tools, deployment channels, encryption, residency, retention, and audit settings - **MUST** be documented and drift-checked at least quarterly.",Med,0,carried,80,General,"The configuration baseline for every Gemini Enterprise for CX project - guardrails, tools, deployment channels, encryption, residency, retention, and audit settings - **MUST** be documented and drift-checked at least quarterly.",Med,,No change.
90,General,"Personnel who build, deploy, or administer Gemini Enterprise for CX agent applications **SHOULD** complete role-specific training covering the confused-deputy tool execution model and the irreversible configuration decisions documented in this guide.",Med,0,corrected,90,General,"Personnel who build, deploy, or administer Gemini Enterprise for CX agent applications **SHOULD** complete role-specific training covering the confused-deputy tool execution model and the irreversible configuration decisions documented in this guide.",Med,,Review fix: Qualified the training points so tool identity and retrieval permissions are not stated more broadly than the vendor documentation supports. (F58)
100,Identity & Access Management,"Administrative and builder access to CX Agent Studio, CX Insights, and Agent Assist **MUST** be federated through the organization's enterprise identity provider.",High,0,corrected,100,Identity & Access Management,"Administrative and builder access to CX Agent Studio, CX Insights, and Agent Assist **MUST** be federated through the organization's enterprise identity provider.",High,,"Update: HITRUST CSF v11 mapping added; Revision unchanged per author decision (2026-09-23). Review fix: Dropped IA-8, which covers non-organizational users, and cited Google federation and single sign-on documentation. (F64, F67)"
110,Identity & Access Management,Multi-factor authentication **MUST** be enforced for every account holding any `ces.googleapis.com` or `contactcenterinsights.googleapis.com` role.,High,0,corrected,110,Identity & Access Management,Multi-factor authentication **MUST** be enforced for every human user account holding any CX Agent Studio (`roles/ces.*`) or CX Insights (`roles/contactcenterinsights.*`) role.,High,,"Update: HITRUST CSF v11 mapping added; Revision unchanged per author decision (2026-09-23). Review fix: Added guardrailsEditor and toolsEditor to the posture-changing roles, noted the super-admin SSO bypass, and cited the Google single sign-on MFA guidance. (F56, F67) Audit fix (2026-09-24): Scoped to human user accounts; canonical IAM role IDs; Service identities excluded with their alternative controls named; appEditor added to phishing-resistant list."
120,Identity & Access Management,The `ces.googleapis.com/admin` role **MUST** be granted only to named individual administrators.,High,0,corrected,120,Identity & Access Management,The `roles/ces.admin` role **MUST** be granted only to named individual administrators.,High,,"Update: HITRUST CSF v11 mapping added; Revision unchanged per author decision (2026-09-23). Review fix: Removed the Notes sentence that repeated the Rationale and recorded that admin also carries full CX Insights access. (F59, F114) Audit fix (2026-09-24): Canonical IAM role ID."
130,Identity & Access Management,"Basic IAM roles - Owner, Editor, and Viewer - **MUST NOT** be granted on any project hosting a Gemini Enterprise for CX component.",High,0,strengthened,130,Identity & Access Management,"Basic IAM roles - the legacy Owner, Editor, and Viewer roles and the Admin, Writer, and Reader basic roles - **MUST NOT** be granted on any project hosting a Gemini Enterprise for CX component.",High,,"Update: HITRUST CSF v11 mapping added; Revision unchanged per author decision (2026-09-23). Review fix: Cited the IAM roles overview for basic-role behavior, replaced the unsourced auto-expansion claim with Google quotes, and extended the prohibition to the new Admin, Writer, and Reader basic roles. (F23) Audit fix (2026-09-24): Owner-only WhatsApp/Instagram deployment stated as no exception."
140,Identity & Access Management,The `ces.googleapis.com/securitySettingsEditor` role **MUST** be held by a different set of individuals than those holding `ces.googleapis.com/agentEditor` or `ces.googleapis.com/toolsEditor`.,Med,0,corrected,140,Identity & Access Management,The `roles/ces.securitySettingsEditor` role **MUST** be held by a different set of individuals than those holding `roles/ces.agentEditor` or `roles/ces.toolsEditor`.,Med,,"Update: HITRUST CSF v11 mapping added; Revision unchanged per author decision (2026-09-23). Review fix: Removed the unverified list of settings from the Rationale and recorded in Notes that Google does not enumerate what the role governs. (F114) Audit fix (2026-09-24): Canonical IAM role IDs; Rationale corrected: Security Settings hold only the endpoint control policy (egress allowlist), not redaction, retention, or export; Open question on settings scope closed; application-setting ownership stated."
150,Identity & Access Management,The `ces.googleapis.com/deploymentEditor` role **MUST** be restricted to personnel explicitly authorized to promote changes to production.,High,0,corrected,150,Identity & Access Management,The `roles/ces.deploymentEditor` role **MUST** be restricted to personnel explicitly authorized to promote changes to production.,High,,"Update: HITRUST CSF v11 mapping added; Revision unchanged per author decision (2026-09-23). Review fix: Corrected deployment audit events from Admin Activity to Data Access (DATA_WRITE) and cited the traffic-splitting and audit-logging pages. (F1, F68) Audit fix (2026-09-24): Canonical IAM role ID."
160,Identity & Access Management,The `ces.googleapis.com/client` role **MUST** be granted only to the service identities used by approved deployment channels.,High,0,corrected,160,Identity & Access Management,Direct bindings of the `roles/ces.client` role **MUST** be limited to the service identities used by approved deployment channels and to the documented end-user principal set of an approved OAuth2 deployment channel.,High,,"Update: HITRUST CSF v11 mapping added; Revision unchanged per author decision (2026-09-23). Review fix: Scoped the rule to direct client bindings, recognized that editor roles inherit client permissions and that the OAuth2 channel needs end-user principals, and noted tools.execute. (F5) Audit fix (2026-09-24): Canonical IAM role and permission IDs; Inbound A2A callers named as client-role channels."
170,Identity & Access Management,The CX Agent Studio service agent `service-PROJECT_NUMBER@gcp-sa-ces.iam.gserviceaccount.com` **MUST** be granted only the minimum IAM roles required by the approved tools in that project.,High,1,corrected,170,Identity & Access Management,The CX Agent Studio service agent `service-PROJECT_NUMBER@gcp-sa-ces.iam.gserviceaccount.com` **MUST** be granted only the minimum IAM roles required by the approved tools in that project.,High,,"Update: HITRUST CSF v11 mapping added; Revision unchanged per author decision (2026-09-23). Review fix: Dropped the OWASP API5 stretch mapping and relabeled the OWASP Agentic edition to 2026. (F65, F66)"
180,Identity & Access Management,Service account keys **MUST NOT** be created for any identity holding a Gemini Enterprise for CX role.,High,0,corrected,180,Identity & Access Management,Service account keys **MUST NOT** be created for any identity holding a Gemini Enterprise for CX role.,High,,Update: HITRUST CSF v11 mapping added; Revision unchanged per author decision (2026-09-23). Review fix: Cited the service-account-key best practices and organization policy pages and named the key-creation constraints exactly. (F23)
190,Identity & Access Management,Entitlements to all `ces.googleapis.com` and `contactcenterinsights.googleapis.com` roles **MUST** be recertified at least quarterly by the accountable business owner.,Med,1,carried,190,Identity & Access Management,Entitlements to all `ces.googleapis.com` and `contactcenterinsights.googleapis.com` roles **MUST** be recertified at least quarterly by the accountable business owner.,Med,,Update: HITRUST CSF v11 mapping added; Revision unchanged per author decision (2026-09-23).
200,Identity & Access Management,Contact centre representatives receiving Agent Assist suggestions **MUST** authenticate through the organization's identity provider.,High,1,corrected,200,Identity & Access Management,Contact centre representatives receiving Agent Assist suggestions **MUST** authenticate through the organization's identity provider.,High,,Update: HITRUST CSF v11 mapping added; Revision unchanged per author decision (2026-09-23). Review fix: Added Google federation and single sign-on references for representative authentication. (F67)
210,Identity & Access Management,"Standing administrative access to production Gemini Enterprise for CX projects **SHOULD** be replaced by time-bound, approved elevation.",Med,1,carried,210,Identity & Access Management,"Standing administrative access to production Gemini Enterprise for CX projects **SHOULD** be replaced by time-bound, approved elevation.",Med,,Update: HITRUST CSF v11 mapping added; Revision unchanged per author decision (2026-09-23).
220,Identity & Access Management,Access to Gemini Enterprise for CX administrative surfaces **SHOULD** be conditioned on managed-device posture.,Med,1,carried,220,Identity & Access Management,Access to Gemini Enterprise for CX administrative surfaces **SHOULD** be conditioned on managed-device posture.,Med,,Update: HITRUST CSF v11 mapping added; Revision unchanged per author decision (2026-09-23).
230,Agents & Agent Management,Guardrails **MUST** be explicitly configured and documented on every agent application rather than left at the shipped default.,High,0,carried,230,Agents & Agent Management,Guardrails **MUST** be explicitly configured and documented on every agent application rather than left at the shipped default.,High,,No change.
240,Agents & Agent Management,The Safety guardrail **MUST** be set to Strict or Balanced on every agent application that can reach member data.,High,0,strengthened,240,Agents & Agent Management,"The Safety guardrail **MUST** be set to Strict on every member-facing agent application, and to Strict or Balanced on every other agent application that can reach member data.",High,,Review fix: Resolved the two readings by requiring Strict for member-facing agents and allowing Balanced only for internal-facing agents. (F61)
250,Agents & Agent Management,"The Prompt guard **MUST** be enabled on every agent application, with a defined outcome for a triggered guard.",High,0,corrected,250,Agents & Agent Management,"The Prompt guard **MUST** be enabled on every agent application, with a defined outcome for a triggered guard.",High,,"Review fix: Corrected the handoff outcome, which goes to another agent rather than a human, named end_session as the escalation mechanism, and dropped SI-3. (F18, F62)"
260,Agents & Agent Management,A Blocklist guardrail **SHOULD** be configured on member-facing agent applications to suppress terms the organization has designated as prohibited in a generated response.,Med,1,corrected,260,Agents & Agent Management,A Blocklist guardrail **SHOULD** be configured on member-facing agent applications to suppress terms the organization has designated as prohibited in a generated response.,Med,,"Review fix: Narrowed the claim to term matching, since the Rules guardrail can also encode organization-specific language. (F57)"
270,Agents & Agent Management,"Agent instructions, prompts, application variables, and tool configurations **MUST NOT** contain credentials, API keys, tokens, or connection strings.",High,0,corrected,270,Agents & Agent Management,"Agent instructions, prompts, application variables, and tool configurations **MUST NOT** contain credentials, API keys, tokens, or connection strings.",High,,Update: HITRUST CSF v11 mapping added; Revision unchanged per author decision (2026-09-23). Review fix: Replaced the Unique User Identification citation with Access Control and Person or Entity Authentication. (F49)
280,Agents & Agent Management,Every agent application **MUST** be security reviewed and approved before it is deployed to a channel carrying production traffic.,High,0,carried,280,Agents & Agent Management,Every agent application **MUST** be security reviewed and approved before it is deployed to a channel carrying production traffic.,High,,No change.
290,Agents & Agent Management,"Agent evaluations **MUST** be executed and reviewed against a documented test set before an agent application is promoted to production, and after any change to its instructions, tools, or guardrails.",Med,0,carried,290,Agents & Agent Management,"Agent evaluations **MUST** be executed and reviewed against a documented test set before an agent application is promoted to production, and after any change to its instructions, tools, or guardrails.",Med,,No change.
300,Agents & Agent Management,"Agent applications **MUST NOT** be the sole authority for a coverage, eligibility, clinical, or other adverse determination communicated to a member.",High,1,corrected,300,Agents & Agent Management,"Agent applications **MUST NOT** be the sole authority for a coverage, eligibility, clinical, or other adverse determination communicated to a member.",High,,"Review fix: Acknowledged the grounding-score setting, grounded the obligation in the ERISA claims-procedure rule, and remapped to data-quality and AI-risk-management controls instead of HIPAA privacy and access controls. (F20, F66) Audit fix (2026-09-24): ERISA claims-procedure citation qualified to ERISA-covered plans; SI-18 mapping removed; eCFR URL corrected to Subchapter G."
310,Agents & Agent Management,Members interacting with a Gemini Enterprise for CX agent **MUST** be informed that they are interacting with an automated agent and offered a path to reach a human.,High,0,corrected,310,Agents & Agent Management,Members interacting with a Gemini Enterprise for CX agent **MUST** be informed that they are interacting with an automated agent and offered a path to reach a human.,High,,"Update: HITRUST CSF v11 mapping added; Revision unchanged per author decision (2026-09-23). Review fix: Corrected the handoff misreading, named a specific statute in place of the unsourced general claim, cited the end_session system tool, and remapped to PT-5 and PT-5(1) after dropping 164.520, PT-4, AC-3, and 06.d. (F19)"
320,Agents & Agent Management,"Agent applications generated by the Start with AI capability **MUST** be reviewed in full, including their generated instructions and tools, before deployment.",Med,0,corrected,320,Agents & Agent Management,"Agent applications generated by the Start with AI capability **MUST** be reviewed in full, including their generated instructions and tools, before deployment.",Med,,"Review fix: Called the review mandate a requirement rather than a prohibition. (F60) Audit fix (2026-09-24): Launch stage corrected: Start with AI is Preview (feature page), not GA; SA-11 mapping removed."
330,Agents & Agent Management,"Where one agent application is registered as a tool of another, the delegation chain **MUST** be documented and reviewed as a single authorization surface.",High,1,strengthened,330,Agents & Agent Management,"Where one agent is invoked as a tool of another - within one agent application or, through the A2A Protocol, across agent applications and projects - the delegation chain **MUST** be documented and reviewed as a single authorization surface.",High,,"Update: HITRUST CSF v11 mapping added; Revision unchanged per author decision (2026-09-23). Review fix: Stated reach in terms of the invoked agent tool identities rather than everything the service agent reaches, marked the GA status as inferred, and relabeled the OWASP Agentic edition. (F58, F115, F66) Audit fix (2026-09-24): Scope extended to A2A delegation across applications and projects; Agent-as-a-tool GA now stated by Google (2026-09-24 release note)."
340,Agents & Agent Management,Agent versioning and changelog history **SHOULD** be retained for the life of the agent application.,Low,0,corrected,340,Agents & Agent Management,Agent versioning and changelog history **SHOULD** be retained for the life of the agent application.,Low,,Update: HITRUST CSF v11 mapping added; Revision unchanged per author decision (2026-09-23). Review fix: Removed the Notes clause that repeated the Rationale. (F59)
1260,AI Models & Model Management,Only models on the organization's approved model allowlist **MUST** be selected to power a Gemini Enterprise for CX agent application.,High,0,strengthened,1260,AI Models & Model Management,Only models on the organization's approved model allowlist **MUST** be selected to power a Gemini Enterprise for CX agent application.,High,,"Review fix: Added the documented forced model upgrade as an allowlist change trigger. (F116) Audit fix (2026-09-24): Composite-v1 voice model and its silent sub-model updates addressed. Review fix (2026-09-30): Notes trimmed under 1,000 characters without loss of substance. (R4)"
1270,AI Models & Model Management,A model designated Preview in the CX Agent Studio model picker **MUST NOT** be selected for an agent application carrying production traffic.,High,0,corrected,1270,AI Models & Model Management,A model designated Preview in the CX Agent Studio model picker **MUST NOT** be selected for an agent application carrying production traffic.,High,,Review fix: Replaced the unsupported compliance-certification claim with the Pre-GA terms and HIPAA-page statements. (F54) Audit fix (2026-09-24): Model picker snapshot refreshed (composite-v1 GA).
1280,AI Models & Model Management,A model override applied to an individual sub-agent **MUST** be documented and approved as a change to the agent application.,Med,0,strengthened,1280,AI Models & Model Management,A model override applied to an individual sub-agent **MUST** be documented and approved as a change to the agent application.,Med,,"Review fix: Added the documented audio-application exception, where a model override is possible only on an agent used as a tool. (F116)"
1290,AI Models & Model Management,The launch stage of a selected model **MUST** be verified in the CX Agent Studio interface rather than inferred from that model's status in other Google Cloud products.,High,0,carried,1290,AI Models & Model Management,The launch stage of a selected model **MUST** be verified in the CX Agent Studio interface rather than inferred from that model's status in other Google Cloud products.,High,,No change.
350,Tools & External Integrations,Each Gemini Enterprise for CX project **MUST** contain only agent applications that share a single trust domain.,High,1,corrected,350,Tools & External Integrations,Each Gemini Enterprise for CX project **MUST** contain only agent applications that share a single trust domain.,High,,"Update: HITRUST CSF v11 mapping added; Revision unchanged per author decision (2026-09-23). Review fix: Restated project-wide reach as the service agent grants plus tool-level identities, dropped OWASP API5, and relabeled the OWASP Agentic edition. (F58, F65, F66)"
360,Tools & External Integrations,"An inventory of every registered tool, its type, its target system, its authentication method, and its approving owner **MUST** be maintained and reviewed at least quarterly.",High,0,strengthened,360,Tools & External Integrations,"An inventory of every registered tool, its type, its target system, its authentication method, and its approving owner **MUST** be maintained and reviewed at least quarterly.",High,,Update: Tool-type count updated from sixteen to seventeen (File search and Widget tools); notes add the undocumented remote agent tool type in the REST resource; REST reference added. Review fix: Noted that the inventory reconciliation depends on Data Access audit logging for the DATA_WRITE tool methods. (F117) Audit fix (2026-09-24): Tool-type count 17 to 18 (A2A Protocol); registration versus assignment recorded; remote agent note replaced.
370,Tools & External Integrations,"Credentials used by OpenAPI and MCP tools **MUST** be stored in Secret Manager and referenced rather than embedded in tool configuration, agent instructions, or custom header values.",High,0,corrected,370,Tools & External Integrations,"Static credentials used by OpenAPI and MCP tools - API keys and any other secret held in the tool configuration - **MUST** be stored in Secret Manager and referenced rather than embedded in tool configuration, agent instructions, or custom header values.",High,,Update: HITRUST CSF v11 mapping added; Revision unchanged per author decision (2026-09-23). Review fix: Replaced the Unique User Identification citation with Access Control and Person or Entity Authentication. (F49) Audit fix (2026-09-24): Scope narrowed to stored static credentials; platform-minted identity tokens named as preferred.
380,Tools & External Integrations,A tool **MUST NOT** be granted access to a backend system whose data population is broader than the audience authorized to converse with the agents in that project.,High,1,strengthened,380,Tools & External Integrations,"A tool **MUST NOT** be able to retrieve data beyond what the principal conversing with the agent is authorized to see, unless the backend authorizes every request against an identity bound to the session at authentication rather than supplied by the model.",High,,"Update: HITRUST CSF v11 mapping added; Revision unchanged per author decision (2026-09-23). Review fix: Named the documented x-ces-session-context mechanism for carrying a session-bound identifier and relabeled the OWASP Agentic edition. (F117, F66) Audit fix (2026-09-24): Rewritten to one reading: per-principal scope, enforced by backend object-level authorization from a session-bound identity."
390,Tools & External Integrations,Data store tools **MUST NOT** be grounded on content whose authorized audience is narrower than the audience able to converse with the agent.,High,0,strengthened,390,Tools & External Integrations,Data store tools and File search tools **MUST NOT** be grounded on content whose authorized audience is narrower than the audience able to converse with the agent.,High,,"Update: Scope extended to File search tools; rationale now rests on the REST data store tool definition (no end-user identity field, unlike the connector tool); notes add that the model-chosen filter parameter is not an access control and name connector data stores. Closes open gap on ACL-aware retrieval as far as documentation allows. HITRUST CSF v11 mapping added in the same revision. Review fix: Recorded the conflict between the console and REST documentation on the filter default and corrected the option label. (F53) Review fix (2026-09-30): Notes trimmed under 1,000 characters; the filter-default documentation conflict is kept in one sentence and logged in the external source log. (R4)"
400,Tools & External Integrations,"Content ingested into a data store used by a member-facing agent **MUST** be reviewed and approved before ingestion, and limited to sources under the organization's control.",High,1,strengthened,400,Tools & External Integrations,Content ingested into a data store or RAG knowledge base used by a member-facing agent **MUST** be reviewed and approved before each ingestion and ingested only from locations under the organization's control.,High,,"Update: Scope extended to RAG knowledge bases used by File search tools (tool type found in the tools overview on 2026-09-23). Review fix: Dropped SI-3, relabeled the OWASP Agentic edition, and cited the website data store domain-verification requirement. (F62, F66, F120) Audit fix (2026-09-24): Contradiction resolved: third-party material admitted only as a reviewed snapshot in organization-controlled storage; each refresh reviewed."
410,Tools & External Integrations,"Tool responses, retrieved data store content, and knowledge base excerpts **MUST** be treated as untrusted input that cannot authorize a subsequent action the caller could not authorize directly.",High,1,corrected,410,Tools & External Integrations,"Tool responses, retrieved data store content, and knowledge base excerpts **MUST** be treated as untrusted input that cannot authorize a subsequent action the caller could not authorize directly.",High,,"Review fix: Added HIPAA Access Control and HITRUST 01.v to this authorization control on the path to PHI, and relabeled the OWASP Agentic edition. (F45, F66)"
420,Tools & External Integrations,Third-party and externally hosted MCP servers **MUST** pass a supply chain security review before being registered as a tool.,High,1,corrected,420,Tools & External Integrations,Third-party and externally hosted MCP servers **MUST** pass a supply chain security review before being registered as a tool.,High,,"Update: HITRUST CSF v11 mapping added; Revision unchanged per author decision (2026-09-23). Review fix: Qualified the identity claim to cover all documented MCP authentication options and relabeled the OWASP Agentic edition. (F58, F66)"
430,Tools & External Integrations,"MCP servers used by production agent applications **SHOULD** be hosted within the organization's Google Cloud boundary, with invocation restricted to the CX Agent Studio service agent.",Med,0,corrected,430,Tools & External Integrations,"MCP servers used by production agent applications **SHOULD** be hosted within the organization's Google Cloud boundary, with invocation restricted to the CX Agent Studio service agent.",Med,,Update: HITRUST CSF v11 mapping added; Revision unchanged per author decision (2026-09-23). Review fix: Added HIPAA Transmission Security because the row keeps conversation-derived parameters inside the boundary. (F48) Audit fix (2026-09-24): Overstated exclusivity claim replaced with the IAM caveat.
440,Tools & External Integrations,"Integration Connector tools for Salesforce, ServiceNow, Jira, Confluence, and SharePoint **MUST** authenticate with a dedicated connection identity scoped to the minimum records the agent requires.",High,0,corrected,440,Tools & External Integrations,"Tools that connect to Salesforce, ServiceNow, Jira, Confluence, or SharePoint - both the dedicated tool types for those systems and Integration Connector tools - **MUST** authenticate with the end user's own credentials or with a dedicated connection identity scoped to the minimum records the agent requires.",High,,"Update: HITRUST CSF v11 mapping added; Revision unchanged per author decision (2026-09-23). Review fix: Extended scope to the dedicated SaaS tool types, corrected the claim that connector retrieval cannot be user-scoped, and named end-user authentication override as the preferred option. (F21)"
450,Tools & External Integrations,Python code tools **MUST** be reviewed as application source code before registration and before any subsequent modification.,High,1,corrected,450,Tools & External Integrations,Python code tools **MUST** be reviewed as application source code before registration and before any subsequent modification.,High,,"Update: Open gap closed: Python tool and runtime reference pages now load (correct paths tool/python and reference/python). Rationale and notes replaced with the documented sandbox, import allowlist, public-only egress, conversation and state access, and tool-calling ability; identity of the sandbox remains undocumented and is flagged. References replaced. Review fix: Added HIPAA Transmission Security and HITRUST 09.s because Python code reads the whole conversation and can reach only the public internet, and relabeled the OWASP Agentic edition. (F45, F66) Review fix (2026-09-30): Notes trimmed under 1,000 characters; the two documentation inconsistencies are kept in one sentence and logged in the external source log. (R4)"
460,Tools & External Integrations,Client function tools **MUST NOT** be passed data that the end user is not already authorized to see.,High,0,corrected,460,Tools & External Integrations,Client function tools **MUST NOT** be passed data that the end user is not already authorized to see.,High,,"Update: Open gap closed: client function page now loads (correct path tool/function). Rationale restated from Google text (always executed client side; session waits for toolResponses); interim restriction replaced with a parameters-schema rule. References replaced. HITRUST CSF v11 mapping added in the same revision. Review fix: Dropped SC-8, which does not fit a disclosure-to-client risk. (F63)"
470,Tools & External Integrations,The Google Search tool **SHOULD NOT** be enabled on member-facing agent applications.,Med,1,strengthened,470,Tools & External Integrations,The Google Search tool **SHOULD NOT** be enabled on member-facing agent applications.,Med,,Update: HITRUST CSF v11 mapping added; Revision unchanged per author decision (2026-09-23). Review fix: Recorded that BAA coverage of Google Search grounding is unconfirmed and made confirmation a precondition for any member-data use. (F119)
480,Tools & External Integrations,OpenAPI tools **MUST NOT** target endpoints reachable only over the public internet where a private path through Service Directory is available.,High,0,corrected,480,Tools & External Integrations,"Where a tool's backend is reachable through Service Directory private network access, OpenAPI tools, MCP tools, and the dedicated Salesforce, ServiceNow, Jira, Confluence, and SharePoint tools **MUST** be configured to use the Service Directory path rather than a public endpoint.",High,,Update: HITRUST CSF v11 mapping added; Revision unchanged per author decision (2026-09-23). Review fix: Rewrote the self-contradictory requirement into a testable rule covering every tool type that offers a Service Directory setting. (F22)
490,Tools & External Integrations,"The set of tools registered in a project **MUST** be restricted to those the approved agent use cases require, with unused registrations removed.",Med,1,corrected,490,Tools & External Integrations,"The set of tools registered in a project **MUST** be restricted to those the approved agent use cases require, with unused registrations removed.",Med,,"Review fix: Added HITRUST 01.c because tool pruning limits the service agent privilege, and relabeled the OWASP Agentic edition. (F44, F66) Audit fix (2026-09-24): Rationale records that registration alone extends reach through Python code tools."
1310,Tools & External Integrations,"Tool invocations **MUST** carry a correlation identifier, comprising at minimum the agent application identifier and the conversation or session identifier, that the receiving backend system records in its own logs.",High,0,corrected,1310,Tools & External Integrations,"Tool invocations **MUST** carry a correlation identifier, comprising at minimum the agent application identifier and the conversation or session identifier, that the receiving backend system records in its own logs.",High,,"Update: HITRUST CSF v11 mapping added; Revision unchanged per author decision (2026-09-23). Review fix: Corrected the premise that every tool call uses one service agent identity, cited the documented session-context injection mechanisms, and relabeled the OWASP Agentic edition. (F14, F66)"
,,,,,new,1330,Tools & External Integrations,"Results returned by a client function tool **MUST NOT** be relied upon to establish the end user's identity, entitlement, or authorization for any subsequent action.",High,,Update: New: client function results come from the end user's client and must not establish identity or entitlement (from closing the client function gap). Review fix: Relabeled the OWASP Agentic edition to 2026. (F66)
,,,,,new,1340,Tools & External Integrations,Data store tools that reference a search engine **MUST** name the specific data stores to be searched rather than leaving the data store selection empty.,Med,,Update: New: engine-backed data store tools must name data stores; empty selection searches every data store on the engine (REST DataStoreTool).
,,,,,new,1360,Tools & External Integrations,The RAG knowledge base behind a File search tool **MUST** be located in a US region where RAG Engine is designated GA.,High,,Update: New: File search tool RAG knowledge base must sit in a US region at GA for RAG Engine (us-east1 is Preview). Review fix: Added HIPAA Risk Management for the location decision on PHI-bearing uploaded files. (F48) Audit fix (2026-09-24): States that a US region is not a residency commitment.
,,,,,new,1370,Tools & External Integrations,RAG knowledge bases used by File search tools **MUST** be protected by customer-managed encryption keys and placed inside the VPC Service Controls perimeter before any file is uploaded.,High,,Update: New: File search RAG knowledge bases must have CMEK and be inside the perimeter; CX Agent Studio CMEK and perimeter do not extend to RAG Engine.
,,,,,new,1380,Tools & External Integrations,File search tools **SHOULD NOT** be used to ground agents on content containing protected health information.,Med,,Update: New: File search tools should not hold PHI; RAG Engine does not support data residency or Access Transparency controls.
500,Deployment & Channel Security,"An inventory of every deployment channel, its authentication mode, and its approving owner **MUST** be maintained for each agent application.",High,0,corrected,500,Deployment & Channel Security,"An inventory of every deployment channel, its authentication mode, and its approving owner **MUST** be maintained for each agent application.",High,,"Review fix: Channel count corrected to eight (SecureCo added), reconciliation limited to direct non-human Client-role grants because editor roles inherit it, HITRUST added. (F8, F46, F50) Audit fix (2026-09-24): Channel list updated for WhatsApp and Instagram; fixed count removed; canonical role ID; inbound A2A named."
510,Deployment & Channel Security,Public access through the Google-hosted token broker **MUST NOT** be enabled for any agent application whose tools can reach member data.,High,0,corrected,510,Deployment & Channel Security,Public access through the Google-hosted token broker **MUST NOT** be enabled for any agent application whose tools can reach member data.,High,,Update: HITRUST CSF v11 mapping added; Revision unchanged per author decision (2026-09-23). Review fix: Editorial: replaced a reference to the guide's own dedicated-project rule with Google's documented recommendation (standalone rule).
520,Deployment & Channel Security,"Where public access is approved for a bounded public-information agent, origin checks and reCAPTCHA **MUST** both be enabled on the widget configuration.",High,1,corrected,520,Deployment & Channel Security,"Where public access is approved for a bounded public-information agent, origin checks and reCAPTCHA **MUST** both be enabled on the widget configuration.",High,,Update: HITRUST CSF v11 mapping added; Revision unchanged per author decision (2026-09-23). Audit fix (2026-09-24): Authentication mappings replaced with abuse-protection mappings (API6) for an intentionally anonymous widget.
530,Deployment & Channel Security,Agent applications serving authenticated members **MUST** use the OAuth2 client end-user authentication path rather than a service-account token broker.,High,0,strengthened,530,Deployment & Channel Security,Agent applications serving authenticated members **MUST** authenticate each member individually through the organization's identity provider - using the OAuth2 client path or a custom authentication API that issues a short-lived token for the member's session - and grant member identities no role that includes the `ces.tools.execute` permission.,High,,"Update: HITRUST CSF v11 mapping added; Revision unchanged per author decision (2026-09-23). Review fix: Allows OAuth2 or custom auth API through the org IdP, forbids member identities holding tools.execute, and records the authentication-mode decision table that removes the conflict with the self-hosted broker row. (F6, F7) Audit fix (2026-09-24): Canonical IAM permission IDs. Review fix (2026-09-30): Notes trimmed under 1,000 characters without loss of substance. (R4)"
540,Deployment & Channel Security,A self-hosted token broker **SHOULD** be used in preference to the Google-hosted broker for any agent application handling member interactions.,Med,0,corrected,540,Deployment & Channel Security,A self-hosted token broker **SHOULD** be used in preference to the Google-hosted broker for any agent application that serves unauthenticated callers or bounded public information.,Med,,"Update: HITRUST CSF v11 mapping added; Revision unchanged per author decision (2026-09-23). Review fix: Scope narrowed to unauthenticated or bounded public agents to remove the conflict with per-member authentication, and the Google-hosted broker's origin and reCAPTCHA checks acknowledged. (F7, F69)"
550,Deployment & Channel Security,The web widget **MUST** be embedded only on web origins the organization controls.,Med,0,corrected,550,Deployment & Channel Security,The web widget **MUST** be embedded only on web origins the organization controls.,Med,,"Review fix: Origin enforcement mapped to each authentication mode instead of only the public broker's check; HIPAA and HITRUST added. (F46, F70)"
560,Deployment & Channel Security,"Non-production agent development and testing **MUST** be performed in a separate Google Cloud project from production, using deployment environments that carry no production traffic.",High,0,corrected,560,Deployment & Channel Security,"Non-production agent development and testing **MUST** be performed in a separate Google Cloud project from production, using deployment environments that carry no production traffic.",High,,"Update: HITRUST CSF v11 mapping added; Revision unchanged per author decision (2026-09-23). Review fix: Added the OpenAPI tools page, which documents that tools execute as the CX Agent Studio service account and recommends dedicated projects. (F71)"
570,Deployment & Channel Security,Traffic splitting **MUST NOT** direct production conversations to an agent version that has not completed security review and evaluation.,High,0,corrected,570,Deployment & Channel Security,Traffic splitting **MUST NOT** direct production conversations to an agent version that has not completed security review and evaluation.,High,,"Review fix: Removed the unsupported GA claim, corrected the audit log type to Data Access, and aligned the release-control characterization with Google's traffic-split page. (F2)"
580,Deployment & Channel Security,"Third-party contact centre platforms connected as deployment channels - AudioCodes, Five9, Twilio, and any comparable provider - **MUST** have completed a third-party security assessment and, where they process ePHI, be covered by an executed business associate agreement.",High,0,strengthened,580,Deployment & Channel Security,"Third-party platforms that carry member conversations to or from a deployment channel - contact center providers such as AudioCodes, Five9, SecureCo, and Twilio, messaging platforms such as WhatsApp and Instagram, and any comparable intermediary - **MUST** have completed a third-party security assessment and, where they process ePHI, be covered by an executed business associate agreement.",High,,"Update: HITRUST CSF v11 mapping added; Revision unchanged per author decision (2026-09-23). Review fix: Named SecureCo among the third-party voice platforms, added its deployment page, and removed a self-reference to the guide (standalone rule). (F121) Audit fix (2026-09-24): Scope extended to messaging platforms (Meta) and every non-Google intermediary."
590,Deployment & Channel Security,Direct API access to deployed agent applications **MUST** be routed through the organization's API gateway rather than exposed to callers as a direct Google endpoint.,High,1,corrected,590,Deployment & Channel Security,Direct API access to deployed agent applications **MUST** be routed through the organization's API gateway rather than exposed to callers as a direct Google endpoint.,High,,"Update: HITRUST CSF v11 mapping added; Revision unchanged per author decision (2026-09-23). Review fix: Replaced the claim that the channel has no quota, logging, or inspection with the documented project-scoped controls, and justified the gateway on per-caller controls. (F34) Audit fix (2026-09-24): Inbound A2A invocation brought under the gateway requirement."
600,Deployment & Channel Security,Voice channels **MUST** present a recording and automated-interaction disclosure to the member before conversation content is captured.,High,0,corrected,600,Deployment & Channel Security,Voice channels **MUST** present a recording and automated-interaction disclosure to the member before conversation content is captured.,High,,"Update: HITRUST CSF v11 mapping added; Revision unchanged per author decision (2026-09-23). Review fix: Scoped the capture claim to channels where recording, logging, or Insights ingestion is enabled, stated the state-law basis, and dropped 164.520. (F35) Audit fix (2026-09-24): HIPAA 164.502(a) removed; the row's own Notes identify state recording law as the basis."
1300,Deployment & Channel Security,Quota caps and cost alerting **MUST** be configured for every agent application exposed on a public or high-volume deployment channel.,Med,0,corrected,1300,Deployment & Channel Security,Quota caps and cost alerting **MUST** be configured for every agent application exposed on a public or high-volume deployment channel.,Med,,"Review fix: Replaced unimplementable per-deployment caps with per-project isolation, since quotas are per project, region, and base model; quotas page cited. (F72)"
610,Agent Assist & Human Agent Support,Customer-managed encryption keys **MUST** be initialized for Agent Assist before it processes any production conversation.,High,1,corrected,610,Agent Assist & Human Agent Support,Customer-managed encryption keys **MUST** be initialized for Agent Assist before it processes any production conversation.,High,,Update: HITRUST CSF v11 mapping added; Revision unchanged per author decision (2026-09-23). Review fix: Removed the transmission-encryption citation 164.312(e)(2)(ii) from an at-rest CMEK row. (F73)
620,Agent Assist & Human Agent Support,Sensitive Data Protection redaction **MUST** be configured for Agent Assist conversation data using an inspect template and a deidentify template.,High,1,corrected,620,Agent Assist & Human Agent Support,Sensitive Data Protection redaction **MUST** be configured for Agent Assist conversation data using an inspect template and a deidentify template.,High,,"Update: HITRUST CSF v11 mapping added; Revision unchanged per author decision (2026-09-23). Review fix: Remapped redaction to SI-19 and dropped 164.514(a), SI-10, and SI-18; attributed the perimeter limitation to CX Agent Studio and removed an unsupporting reference. (F28, F74) Review fix (2026-09-30): Notes trimmed under 1,000 characters without loss of substance. (R4)"
630,Agent Assist & Human Agent Support,Agent Assist conversation data retention **MUST** be configured to the shortest period that meets a documented business need.,Med,1,corrected,630,Agent Assist & Human Agent Support,Agent Assist conversation data retention **MUST** be configured to the shortest period that meets a documented business need.,Med,,"Update: HITRUST CSF v11 mapping added; Revision unchanged per author decision (2026-09-23). Review fix: Rationale rebuilt on the documented 30-day ceiling, contradictory Notes sentence removed, Med rating justified by the bounded exposure, and 164.530(j) dropped. (F26, F27, F84) Audit fix (2026-09-24): AU-11 removed; conversation retention maps to SI-12."
640,Agent Assist & Human Agent Support,Generated conversation summaries **MUST** be reviewed by the human representative before they are committed to a system of record.,High,0,corrected,640,Agent Assist & Human Agent Support,Generated conversation summaries **MUST** be reviewed by the human representative before they are committed to a system of record.,High,,"Review fix: Cited the summarization page, turned the automatic-write allowance into an explicit approved exception, dropped 164.502(a), and added HITRUST 06.c. (F29, F75, F76, F77)"
650,Agent Assist & Human Agent Support,Smart Reply and generated response suggestions **MUST NOT** be transmitted to a member without an affirmative action by the human representative.,High,1,corrected,650,Agent Assist & Human Agent Support,"Smart Reply, AI coach, and other generated response suggestions **MUST NOT** be transmitted to a member without an affirmative action by the human representative.",High,,"Review fix: Cited the Smart Reply and AI coach pages, named AI coach in scope, added HITRUST 06.d, and relabeled the OWASP Agentic segment to 2026. (F29, F77)"
660,Agent Assist & Human Agent Support,Knowledge bases used by Knowledge Assist and Generative Knowledge Assist **MUST** be scoped to content the entire representative population is authorized to see.,High,0,corrected,660,Agent Assist & Human Agent Support,Knowledge bases used by Knowledge Assist and Generative Knowledge Assist **MUST** be scoped to content the entire representative population is authorized to see.,High,,"Update: HITRUST CSF v11 mapping added; Revision unchanged per author decision (2026-09-23). Review fix: Acknowledged the documented SearchConfig document filters as client-supplied rather than an authorization boundary, and cited the knowledge assist pages. (F29, F30)"
670,Agent Assist & Human Agent Support,Live Translation output **MUST NOT** be relied upon as the authoritative record of a member interaction.,High,0,corrected,670,Agent Assist & Human Agent Support,Live translation output **MUST NOT** be relied upon as the authoritative record of a member interaction.,High,,"Review fix: Described the feature as live audio-to-audio translation (private GA), removed the duplicated Notes sentence, dropped 164.502(a), added HITRUST 06.c, and cited the translation page. (F29, F59, F76, F77, F78)"
680,Agent Assist & Human Agent Support,"Agent Assist deployments **MUST** be pinned to a region consistent with the organization's data residency position, with per-feature residency coverage verified before enablement.",High,1,strengthened,680,Agent Assist & Human Agent Support,"Agent Assist deployments **MUST** be pinned to a region consistent with the organization's data residency position, with per-feature residency coverage verified before enablement.",High,,"Update: Third residency limitation added: the Preview Gemini Transcribe Live capability remaps traffic to the Vertex AI global region. HITRUST CSF v11 mapping added in the same revision. Review fix: Notes now list all six documented residency exceptions, require API-only regional configuration, and drop the inconsistent count and the unsupported history claim. (F31) Review fix (2026-09-30): Notes trimmed under 1,000 characters with all six residency exceptions retained; HIPAA 164.308(a)(1)(ii)(B) added for consistency with the other residency rows. (R4, R7)"
690,Agent Assist & Human Agent Support,"Where AI Coach, quality scoring, or comparable Agent Assist capabilities evaluate the performance of a human representative, that evaluation **MUST** be governed by the organization's employee monitoring and workforce policy before enablement.",Med,0,corrected,690,Agent Assist & Human Agent Support,"Where Agent Assist data about identified human representatives - for example, AI coach suggestion usage or conversations passed to CX Insights for Quality AI scoring - is used to evaluate representative performance, that evaluation **MUST** be governed by the organization's employee monitoring and workforce policy before enablement.",Med,,"Update: HITRUST CSF v11 mapping added; Revision unchanged per author decision (2026-09-23). Review fix: Corrected the AI coach characterization, anchored evaluation on Quality AI and the agent engagement platform, and scoped the row to the Agent Assist data flow so it no longer duplicates the CX Insights row. (F79, F125)"
1320,Agent Assist & Human Agent Support,The Agent Assist Build your own assist capability **MUST NOT** be enabled while it is designated Preview.,Med,0,strengthened,1320,Agent Assist & Human Agent Support,The Agent Assist Build your own assist capability **MUST NOT** be enabled while it is designated Preview.,High,,"Review fix: Risk raised to High to match the other Preview-on-PHI prohibition, grounded in Google's HIPAA Pre-GA guidance, unsupported Notes claim removed, and HIPAA remapped to BAA coverage. (F25, F83, F126) Review fix (2026-09-30): HIPAA 164.308(a)(8) added so the Pre-GA family maps uniformly; HITRUST 05.k added for the third-party basis. (R5, R8)"
,,,,,new,1350,Agent Assist & Human Agent Support,Gemini Transcribe Live **MUST NOT** be enabled in any Agent Assist conversation profile while it is designated Preview.,High,,"Update: New: Gemini Transcribe Live, released in Preview 2026-09-01 in Agent Assist, prohibited while Preview; it remaps audio to the Vertex AI global region. Review fix: Added parent SA-9 for SA-9(5), remapped HIPAA to BAA coverage, and cited Google's HIPAA Pre-GA guidance. (F52, F126) Review fix (2026-09-30): HIPAA 164.308(a)(8) added so the Pre-GA family maps uniformly. (R5)"
700,Conversation Analytics & Insights,The CX Insights encryption specification **MUST** be initialized with a customer-managed key for every location before any conversation is ingested into that location.,High,0,corrected,700,Conversation Analytics & Insights,The CX Insights encryption specification **MUST** be initialized with a customer-managed key for every location before any conversation is ingested into that location.,High,,"Update: HITRUST CSF v11 mapping added; Revision unchanged per author decision (2026-09-23). Review fix: Removed 164.312(e)(2)(ii) and added the service-identity prerequisite, the CX Agent Studio logging interaction (hedged), and the 30-day revocation warning. (F73, F122)"
710,Conversation Analytics & Insights,A project-level `conversation_ttl` **MUST** be configured in CX Insights before the first conversation is ingested.,High,1,corrected,710,Conversation Analytics & Insights,A project-level `conversation_ttl` **MUST** be configured in CX Insights before the first conversation is ingested.,High,,"Update: HITRUST CSF v11 mapping added; Revision unchanged per author decision (2026-09-23). Review fix: Replaced one-by-one deletion with explicit deletion and cited bulk delete; High rating kept because Insights retention is indefinite by default, and 164.530(j) dropped. (F27, F80, F84) Audit fix (2026-09-24): AU-11 removed; conversation retention maps to SI-12."
720,Conversation Analytics & Insights,Sensitive Data Protection redaction **MUST** be enabled on CX Insights conversation ingestion before production conversations are imported.,High,1,strengthened,720,Conversation Analytics & Insights,"Sensitive Data Protection redaction **MUST** be applied on every CX Insights ingestion path before production conversations are imported - through RedactionConfig for upload and ingest paths, and in the upstream Agent Assist or CX Agent Studio configuration for runtime integrations.",High,,"Update: HITRUST CSF v11 mapping added; Revision unchanged per author decision (2026-09-23). Review fix: Requirement now covers every ingestion path because RedactionConfig does not apply to CreateConversation or runtime integrations; RedactionConfig cited, SI-19 replaces SI-10 and SI-18, 164.514(a) dropped. (F28, F81)"
730,Conversation Analytics & Insights,"Project-level `roles/contactcenterinsights.viewer` and `roles/contactcenterinsights.editor` **MUST** be granted only to a named, minimal, documented group.",High,1,strengthened,730,Conversation Analytics & Insights,"Project-level CX Insights access - `roles/contactcenterinsights.viewer`, `roles/contactcenterinsights.editor`, and `roles/contactcenterinsights.admin` granted directly, and the same access inherited through any CX Agent Studio role (`roles/ces.*`) - **MUST** be held only by a named, minimal, documented group.",High,,"Update: HITRUST CSF v11 mapping added; Revision unchanged per author decision (2026-09-23). Review fix: Extended the restriction to the Insights admin role and to Insights access inherited through CX Agent Studio roles, which every builder role carries. (F9) Audit fix (2026-09-24): Canonical IAM role IDs throughout."
740,Conversation Analytics & Insights,"Where authorized views are used for evaluation purposes, their filter expressions **MUST NOT** be empty.",High,1,strengthened,740,Conversation Analytics & Insights,"CX Insights authorized views **MUST NOT** be applied to conversation data containing PHI while the capability is Pre-GA, or configured with an empty filter expression in any project.",High,,"Update: HITRUST CSF v11 mapping added; Revision unchanged per author decision (2026-09-23). Review fix: Prohibits authorized views on PHI while Pre-GA per Google's HIPAA guidance, keeps the empty-filter prohibition, and replaces the undefined evaluation-purposes scope. (F32)"
750,Conversation Analytics & Insights,The CX Insights global endpoint **MUST NOT** be used for production conversation data.,High,1,corrected,750,Conversation Analytics & Insights,The CX Insights global endpoint **MUST NOT** be used for production conversation data.,High,,Update: HITRUST CSF v11 mapping added; Revision unchanged per author decision (2026-09-23). Review fix: Hedged the unverified claim that changing only one setting silently lands data on the global instance. (F123)
760,Conversation Analytics & Insights,"Cloud Storage buckets holding conversation audio for CX Insights **MUST** be encrypted with customer-managed keys, located in the approved region, and placed inside the service perimeter.",High,1,corrected,760,Conversation Analytics & Insights,"Cloud Storage buckets holding conversation audio for CX Insights **MUST** be encrypted with customer-managed keys, located in the approved region, and placed inside the service perimeter.",High,,"Update: HITRUST CSF v11 mapping added; Revision unchanged per author decision (2026-09-23). Review fix: Qualified the perimeter limitation as the CX Agent Studio VPC-SC behavior, cited Cloud Storage CMEK for the bucket default key, and dropped 164.530(j). (F82, F84)"
770,Conversation Analytics & Insights,Cloud Speech-to-Text **MUST** be configured with customer-managed encryption keys where it transcribes conversation audio for CX Insights or Agent Assist.,High,0,strengthened,770,Conversation Analytics & Insights,Cloud Speech-to-Text **MUST** be configured with customer-managed encryption keys where it transcribes conversation audio for CX Insights or Agent Assist.,High,,"Update: Notes add that conversation profiles setting use_gemini_asr transcribe with Gemini Transcribe Live rather than Cloud Speech-to-Text; CMEK inventory must record the model per profile. HITRUST CSF v11 mapping added in the same revision. Review fix: Described Gemini Transcribe Live as a Speech-to-Text model choice and replaced the transmission citations (SC-8, 164.312(e)(1)) with SC-28(1). (F51)"
780,Conversation Analytics & Insights,"BigQuery datasets receiving the CX Insights conversation export **MUST** be encrypted with customer-managed keys, located in the approved region, and placed inside the service perimeter.",High,1,corrected,780,Conversation Analytics & Insights,"BigQuery datasets receiving the CX Insights conversation export **MUST** be encrypted with customer-managed keys, located in the approved region, and placed inside the service perimeter.",High,,"Update: HITRUST CSF v11 mapping added; Revision unchanged per author decision (2026-09-23). Review fix: Hedged the unverified claim about exported rows surviving deletion, cited the export page for CMEK-protected tables, and dropped 164.530(j). (F84, F123)"
790,Conversation Analytics & Insights,Pub/Sub topics carrying CX Insights notifications **MUST NOT** be configured to convey conversation content.,Med,1,corrected,790,Conversation Analytics & Insights,"CX Insights Pub/Sub notifications for triggers whose message data is a Conversation resource - create-conversation and update-conversation, including when all events are selected - **MUST NOT** be routed to a topic whose subscribers are not approved to receive member conversation content.",Med,,"Update: HITRUST CSF v11 mapping added; Revision unchanged per author decision (2026-09-23). Review fix: Rebuilt around Google's documented message content (create- and update-conversation carry the Conversation resource) and subscriber approval, since the payload is not configurable. (F124)"
800,Conversation Analytics & Insights,Conversation exports to Google Sheets from CX Insights **MUST NOT** be used for conversation content.,Med,1,strengthened,800,Conversation Analytics & Insights,The CX Insights Google Sheets integration **MUST NOT** be used in any project that holds member conversation data.,High,,"Update: HITRUST CSF v11 mapping added; Revision unchanged per author decision (2026-09-23). Review fix: Risk raised to High, prohibition extended to the whole integration in PHI projects because it is Pre-GA and outside the Cloud HIPAA scope, aggregate allowance removed, 164.530(j) dropped. (F33, F84)"
810,Conversation Analytics & Insights,"Topic models, scorecards, summarization generators, and other artifacts trained or derived from conversation content **MUST** be treated as carrying the sensitivity of the source conversations.",Med,1,corrected,810,Conversation Analytics & Insights,"Topic models, scorecards, summarization generators, and other artifacts trained or derived from conversation content **MUST** be treated as carrying the sensitivity of the source conversations.",Med,,Update: HITRUST CSF v11 mapping added; Revision unchanged per author decision (2026-09-23). Audit fix (2026-09-24): Notes tie the 164.514(a) mapping to the requirement.
820,Conversation Analytics & Insights,"Where Quality AI assessments evaluate identified human representatives, their use **MUST** be approved under the organization's workforce monitoring policy before enablement.",Med,1,corrected,820,Conversation Analytics & Insights,"Where Quality AI assessments evaluate identified human representatives, their use **MUST** be approved under the organization's workforce monitoring policy before enablement.",Med,,"Update: HITRUST CSF v11 mapping added; Revision unchanged per author decision (2026-09-23). Review fix: Scope stated as the CX Insights side of representative evaluation to separate it from the Agent Assist row, and the agent engagement platform's Preview status added. (F125)"
830,Conversation Analytics & Insights,"Conversations ingested into CX Insights during pilot or proof-of-concept activity **MUST** be deleted before the production deployment is certified, unless they were ingested under the full production control set.",High,1,corrected,830,Conversation Analytics & Insights,"Conversations ingested into CX Insights during pilot or proof-of-concept activity **MUST** be deleted before the production deployment is certified, unless they were ingested under the full production control set.",High,,"Update: HITRUST CSF v11 mapping added; Revision unchanged per author decision (2026-09-23). Review fix: Dropped 164.530(j) and the weak 164.308(a)(8) citation, and pointed deletion at the bulk delete method. (F84, F126)"
840,Data Protection & Privacy,"CX Agent Studio **MUST** be CMEK-integrated at project creation, before any agent application or conversation data exists in the project.",High,0,corrected,840,Data Protection & Privacy,"CX Agent Studio **MUST** be CMEK-integrated at project creation, before any agent application or conversation data exists in the project.",High,,"Update: HITRUST CSF v11 mapping added; Revision unchanged per author decision (2026-09-23). Review fix: Replaced 'rebuilt' with the vendor's export-and-restore remedy and added the Insights CMEK prerequisites, location lock, and 30-day revocation warning to the Notes. (F85, F122)"
850,Data Protection & Privacy,"Cloud KMS keys protecting Gemini Enterprise for CX data **MUST** be monitored for availability, with key destruction and disablement gated on multi-party authorization.",High,0,corrected,850,Data Protection & Privacy,"Cloud KMS keys protecting Gemini Enterprise for CX data **MUST** be monitored for availability, with key destruction and disablement gated on multi-party authorization.",High,,"Update: HITRUST CSF v11 mapping added; Revision unchanged per author decision (2026-09-23). Review fix: Replaced CP-9 with SC-12(1) and CM-5 for gating key destruction, and added 09.ab for the key-monitoring half of the row. (F86)"
860,Data Protection & Privacy,Key rotation schedules for Gemini Enterprise for CX **MUST** account for the vendor's statement that data re-encryption is not performed on rotation.,Med,0,strengthened,860,Data Protection & Privacy,Cloud KMS key versions protecting Gemini Enterprise for CX data **MUST NOT** be disabled or destroyed while any data encrypted under them is still retained.,High,,"Update: HITRUST CSF v11 mapping added; Revision unchanged per author decision (2026-09-23). Review fix: Replaced the untestable 'account for' wording with a MUST NOT on disabling or destroying in-use key versions, cited only the page that contains the no-re-encryption statement, and raised Risk to High to match the key-availability row with the same data-loss outcome. (F87)"
870,Data Protection & Privacy,CX Agent Studio agent data **MUST** be located in the `us` multi-region.,High,1,corrected,870,Data Protection & Privacy,CX Agent Studio agent data **MUST** be located in the `us` multi-region.,High,,"Update: HITRUST CSF v11 mapping added; Revision unchanged per author decision (2026-09-23). Review fix: Added HIPAA risk management as the residency-decision basis, removed SC-7 and AC-4, and added the global-only Secret Manager and BigQuery dataset location facts to the Notes. (F48, F88, F127)"
880,Data Protection & Privacy,Cloud Logging **MUST** be configured with a US region for log storage independently of the Gemini Enterprise for CX residency setting.,High,1,corrected,880,Data Protection & Privacy,Cloud Logging **MUST** be configured with a US region for log storage independently of the Gemini Enterprise for CX residency setting.,High,,"Update: HITRUST CSF v11 mapping added; Revision unchanged per author decision (2026-09-23). Review fix: Softened the inferred claim to 'may contain', added HIPAA risk management, removed AU-4 and AC-4, and pointed the Notes at Cloud Logging default storage-location settings. (F48, F88)"
890,Data Protection & Privacy,Conversation history retention in CX Agent Studio **MUST** be configured to a documented period no longer than the business need requires.,Med,1,corrected,890,Data Protection & Privacy,Conversation history retention in CX Agent Studio **MUST** be configured to a documented period no longer than the business need requires.,Med,,Update: HITRUST CSF v11 mapping added; Revision unchanged per author decision (2026-09-23). Review fix: Corrected the Notes' scope claim to match the vendor's 'applies to both CX Agent Studio and CX Insights' and removed 164.502(b) and AU-11. (F89) Audit fix (2026-09-24): Privacy Rule documentation standard 164.530(j) replaced with 164.502(b).
900,Data Protection & Privacy,"The state of the Log your customer conversations setting **MUST** be an explicit, documented decision for every agent application.",High,1,corrected,900,Data Protection & Privacy,"The state of the Log your customer conversations setting (labeled Interaction data in agent application settings) **MUST** be an explicit, documented decision for every agent application.",High,,"Update: HITRUST CSF v11 mapping added; Revision unchanged per author decision (2026-09-23). Review fix: Removed AU-2, since the toggle governs conversation storage and not audit events, and named the settings-page label Interaction data. (F90, F127) Audit fix (2026-09-24): Privacy Rule documentation standard 164.530(j) removed."
910,Data Protection & Privacy,Google's contractual position on the use of Gemini Enterprise for CX conversation content for model training **MUST** be confirmed in writing and retained as certification evidence.,High,0,corrected,910,Data Protection & Privacy,Written confirmation from Google that the Service Specific Terms training restriction covers every Gemini Enterprise for CX component and data path in use **MUST** be obtained and retained as certification evidence.,High,,Update: HITRUST CSF v11 mapping added; Revision unchanged per author decision (2026-09-23). Review fix: Named section 18 of the Service Specific Terms as the contractual basis and changed the requirement to written confirmation of its coverage per component and data path. (F36)
920,Data Protection & Privacy,Sensitive Data Protection templates used by any Gemini Enterprise for CX component **MUST** be located inside the same VPC Service Controls perimeter as the component that references them.,High,0,corrected,920,Data Protection & Privacy,Sensitive Data Protection templates used by any Gemini Enterprise for CX component **MUST** be located inside the same VPC Service Controls perimeter as the component that references them.,High,,"Update: HITRUST CSF v11 mapping added; Revision unchanged per author decision (2026-09-23). Review fix: Removed the 164.514(a) de-identification citation, replaced SI-18 with SI-19, and hedged the undocumented claim that ingestion continues after a redaction failure. (F28, F123)"
930,Data Protection & Privacy,"Member identifiers and other sensitive values **MUST NOT** be written into application variables, agent instructions, or tool configuration as static values.",Med,0,strengthened,930,Data Protection & Privacy,"Member identifiers and other sensitive values **MUST NOT** be written into application variables, agent instructions, or tool configuration as static values.",High,,"Update: HITRUST CSF v11 mapping added; Revision unchanged per author decision (2026-09-23). Review fix: Cited Google's HIPAA guidance against PHI in agent definitions, raised Risk to High, removed SI-18, added 01.v, and replaced the unverified 'dynamic variables' term with documented session context variables. (F91, F123)"
940,Data Protection & Privacy,A documented procedure **MUST** exist to locate and delete all copies of an individual member's conversation data across every store in the deployment.,High,1,corrected,940,Data Protection & Privacy,A documented procedure **MUST** exist to locate and delete all copies of an individual member's conversation data across every store in the deployment.,High,,"Update: HITRUST CSF v11 mapping added; Revision unchanged per author decision (2026-09-23). Review fix: Dropped 164.526 and AU-11, named the actual deletion drivers including the BAA return-or-destroy clause, and hedged the undocumented Pub/Sub store as an organization-configured subscriber. (F39, F123) Audit fix (2026-09-24): 164.504(e) and 164.530(j) replaced with 164.310(d)(2)(i) Disposal."
950,Data Protection & Privacy,The short-lived caches the product maintains **SHOULD** be documented in the data flow record supporting certification.,Low,0,strengthened,950,Data Protection & Privacy,The short-lived caches the product maintains **MUST** be documented in the data flow record supporting certification.,Med,,Review fix: Added HIPAA 164.316(b)(1) and HITRUST 06.d to match the data-flow documentation row. (F47) Audit fix (2026-09-24): Directive raised SHOULD to MUST to match the complete data-flow record requirement that already covers these stores. Review fix (2026-09-30): Risk raised Low to Med for consistency with the data-flow record requirement. (R3)
960,Data Protection & Privacy,"Where Google support access to Google-managed conversation data is a concern for the deployment, that access **SHOULD** be monitored through Access Transparency.",Med,0,strengthened,960,Data Protection & Privacy,Google personnel access to Gemini Enterprise for CX conversation data **SHOULD** be gated by Access Approval and recorded through Access Transparency.,Med,,"Update: HITRUST CSF v11 mapping added; Revision unchanged per author decision (2026-09-23). Review fix: Made the directive unconditional and added Access Approval as the preventive control alongside Access Transparency, citing both supported-services lists. (F37, F92)"
970,Network & Perimeter Security,A VPC Service Controls perimeter **MUST** be configured with both `ces.googleapis.com` and `contactcenterinsights.googleapis.com` in the restricted services list.,High,0,strengthened,970,Network & Perimeter Security,"A VPC Service Controls perimeter **MUST** be configured with `ces.googleapis.com`, `contactcenterinsights.googleapis.com`, and, where Agent Assist is used, `dialogflow.googleapis.com` in the restricted services list.",High,,"Update: HITRUST CSF v11 mapping added; Revision unchanged per author decision (2026-09-23). Review fix: Added the Agent Assist API (dialogflow.googleapis.com) and removed the 'entire data plane' claim, and corrected the supporting-service list to the breakage points Google actually documents. (F10, F93)"
980,Network & Perimeter Security,"The service perimeter **MUST** be established and enforced before agent applications, data stores, deployment channels, and CX Insights locations are created.",High,0,corrected,980,Network & Perimeter Security,"The service perimeter **MUST** be established and enforced before agent applications, data stores, deployment channels, and CX Insights locations are created.",High,,Update: HITRUST CSF v11 mapping added; Revision unchanged per author decision (2026-09-23). Review fix: Removed the unsupported absolute about exceptions never being revisited and replaced it with operational guidance. (F94)
990,Network & Perimeter Security,The service perimeter **MUST** be validated in dry-run mode and its findings resolved before enforcement.,High,0,corrected,990,Network & Perimeter Security,The service perimeter **MUST** be validated in dry-run mode and its findings resolved before enforcement.,High,,"Update: HITRUST CSF v11 mapping added; Revision unchanged per author decision (2026-09-23). Review fix: Cited the VPC Service Controls dry-run documentation, corrected the batch-only claim about redaction, and added the HIPAA citation used by sibling perimeter rows. (F43, F95, F109)"
1000,Network & Perimeter Security,Tools and callbacks **MUST NOT** be configured to send requests to arbitrary public HTTP endpoints.,High,0,strengthened,1000,Network & Perimeter Security,"Tools and callbacks **MUST NOT** be able to call HTTP(S) endpoints outside the approved list, enforced through the CX Agent Studio allowed origins endpoint control policy with its enforcement scope set to ALWAYS.",High,,"Update: HITRUST CSF v11 mapping added; Revision unchanged per author decision (2026-09-23). Review fix: Made the prohibition enforceable through the native allowed-origins policy with ALWAYS scope, named both editor roles, and removed the paraphrase that did not appear on the cited page. (F12, F96) Audit fix (2026-09-24): Canonical IAM permission ID."
1010,Network & Perimeter Security,Service Directory private network access **MUST** be configured for OpenAPI tool targets hosted inside the organization's VPC network.,High,0,corrected,1010,Network & Perimeter Security,Service Directory private network access **MUST** be configured for OpenAPI tool targets hosted inside the organization's VPC network.,High,,Update: HITRUST CSF v11 mapping added; Revision unchanged per author decision (2026-09-23). Review fix: Removed the 'only mechanism' overclaim and acknowledged Integration Connectors. (F97)
1020,Network & Perimeter Security,"Cloud Storage buckets, BigQuery datasets, Secret Manager secrets, Sensitive Data Protection templates, and data stores referenced by Gemini Enterprise for CX **MUST** reside inside the same service perimeter as the components that reference them.",High,0,carried,1020,Network & Perimeter Security,"Cloud Storage buckets, BigQuery datasets, Secret Manager secrets, Sensitive Data Protection templates, and data stores referenced by Gemini Enterprise for CX **MUST** reside inside the same service perimeter as the components that reference them.",High,,Update: HITRUST CSF v11 mapping added; Revision unchanged per author decision (2026-09-23).
1030,Network & Perimeter Security,"Perimeter ingress and egress rules **MUST** be deny by default, with each exception documented, owned, and reviewed at least annually.",Med,0,strengthened,1030,Network & Perimeter Security,"Every ingress rule, egress rule, and allowed origin for the Gemini Enterprise for CX perimeter **MUST** name specific identities, sources, services, or URLs - never ANY_IDENTITY, an access level or service name of ""*"" - and carry a documented owner and a review at least annually.",High,,"Update: HITRUST CSF v11 mapping added; Revision unchanged per author decision (2026-09-23). Review fix: Replaced the always-true 'deny by default' wording with a testable prohibition on wildcard rules, extended it to allowed origins, cited the ingress/egress documentation, raised Risk to High, and added HIPAA. (F98, F109)"
1040,Network & Perimeter Security,Flow-based agents **MUST NOT** reference agent resources located outside the service perimeter.,Med,0,strengthened,1040,Network & Perimeter Security,Flow-based agents **MUST NOT** reference agent resources located outside the service perimeter.,High,,"Update: HITRUST CSF v11 mapping added; Revision unchanged per author decision (2026-09-23). Review fix: Raised Risk to High to match the referenced-resources perimeter row, added HIPAA, and hedged the undocumented execution-identity claim. (F42, F48, F123)"
1050,Network & Perimeter Security,Import and export operations for agent configuration **MUST** target Cloud Storage buckets inside the service perimeter.,Med,0,corrected,1050,Network & Perimeter Security,Import and export operations for agent configuration **MUST** target Cloud Storage buckets inside the service perimeter.,High,,"Update: HITRUST CSF v11 mapping added; Revision unchanged per author decision (2026-09-23). Review fix: Corrected the claim that Admin Activity logs record export (ExportApp is ADMIN_READ Data Access) and raised Risk to High to match the referenced-resources perimeter row. (F3, F42)"
1060,Network & Perimeter Security,Changes to the service perimeter protecting Gemini Enterprise for CX **MUST** be change controlled and alerted on.,Med,0,strengthened,1060,Network & Perimeter Security,Changes to the service perimeter protecting Gemini Enterprise for CX **MUST** be change controlled and alerted on.,High,,"Update: HITRUST CSF v11 mapping added; Revision unchanged per author decision (2026-09-23). Review fix: Raised Risk to High to match the security-settings alert row, cited Access Context Manager audit logging with concrete method names, and added HIPAA. (F40, F99, F109)"
1070,Monitoring & Analytics,Data Access audit logs **MUST** be explicitly enabled for `ces.googleapis.com`.,High,0,strengthened,1070,Monitoring & Analytics,"Data Access audit logs for `ces.googleapis.com` **MUST** be explicitly enabled for all three sub-types: ADMIN_READ, DATA_READ, and DATA_WRITE.",High,,"Update: HITRUST CSF v11 mapping added; Revision unchanged per author decision (2026-09-23). Review fix: Named the three Data Access sub-types that must be enabled, since exports are ADMIN_READ and mutations are DATA_WRITE. (F100)"
1080,Monitoring & Analytics,Data Access audit logs **MUST** be explicitly enabled for `contactcenterinsights.googleapis.com`.,High,1,corrected,1080,Monitoring & Analytics,"Data Access audit logs for `contactcenterinsights.googleapis.com` **MUST** be explicitly enabled for all three sub-types: ADMIN_READ, DATA_READ, and DATA_WRITE.",High,,"Update: HITRUST CSF v11 mapping added; Revision unchanged per author decision (2026-09-23). Review fix: Corrected the Notes' DATA_READ list against the vendor audit table and required all three Data Access sub-types. (F4, F100)"
1090,Monitoring & Analytics,Audit logs from every Gemini Enterprise for CX project **MUST** be exported to the organization's security information and event management platform.,High,0,corrected,1090,Monitoring & Analytics,Audit logs from every Gemini Enterprise for CX project **MUST** be exported to the organization's security information and event management platform.,High,,"Update: HITRUST CSF v11 mapping added; Revision unchanged per author decision (2026-09-23). Review fix: Cited Cloud Logging aggregated-sink and routing documentation and added 09.ac. (F101, F102)"
1100,Monitoring & Analytics,Audit log retention **MUST** meet or exceed the organization's retention requirement for records of access to protected health information.,High,1,corrected,1100,Monitoring & Analytics,Audit log retention **MUST** meet or exceed the organization's retention requirement for records of access to protected health information.,High,,"Update: HITRUST CSF v11 mapping added; Revision unchanged per author decision (2026-09-23). Review fix: Restated six years as the organization's interpretation of 164.316, cited Cloud Logging for the 30-day default, dropped 164.530(j), and added 09.ac. (F38, F84, F102) Review fix (2026-09-30): HIPAA citation deepened to 164.316(b)(2)(i), the time-limit paragraph. (R6)"
1110,Monitoring & Analytics,Exported audit logs **MUST** be protected against modification and deletion by the administrators of the Gemini Enterprise for CX projects.,High,0,corrected,1110,Monitoring & Analytics,Exported audit logs **MUST** be protected against modification and deletion by the administrators of the Gemini Enterprise for CX projects.,High,,Update: HITRUST CSF v11 mapping added; Revision unchanged per author decision (2026-09-23). Review fix: Cited Cloud Logging routing and bucket-lock documentation and added bucket lock to the Notes. (F101)
1120,Monitoring & Analytics,Alerts **MUST** be configured for changes to CX Agent Studio security settings.,High,0,corrected,1120,Monitoring & Analytics,"Alerts **MUST** be configured for changes to CX Agent Studio security settings and to agent application logging, redaction, and export settings.",High,,"Update: HITRUST CSF v11 mapping added; Revision unchanged per author decision (2026-09-23). Review fix: Corrected what security settings govern (the endpoint allowlist), extended the alert to UpdateApp for logging and redaction changes, kept Risk High, and removed the superlative. (F13, F40, F94)"
1130,Monitoring & Analytics,Alerts **MUST** be configured for conversation deletion and bulk deletion operations in CX Agent Studio and CX Insights.,High,1,carried,1130,Monitoring & Analytics,Alerts **MUST** be configured for conversation deletion and bulk deletion operations in CX Agent Studio and CX Insights.,High,,Update: HITRUST CSF v11 mapping added; Revision unchanged per author decision (2026-09-23).
1140,Monitoring & Analytics,Alerts **SHOULD** be configured for tool registration and modification in CX Agent Studio.,Med,0,strengthened,1140,Monitoring & Analytics,Alerts **MUST** be configured for tool registration and modification in CX Agent Studio and for changes to the tools assigned to agents.,High,,"Update: HITRUST CSF v11 mapping added; Revision unchanged per author decision (2026-09-23). Review fix: Corrected the claim that a new tool immediately reaches every agent and extended the alert to toolsets and UpdateAgent tool assignments. (F103) Review fix (2026-09-30): Directive raised SHOULD to MUST and Risk Med to High; tool registration is the change that widens agent reach without a deployment, so its alerting matches the settings and deletion alerts. (R2)"
1150,Monitoring & Analytics,Alerts **SHOULD** be configured for anomalous read volume against CX Insights conversation data.,Med,1,strengthened,1150,Monitoring & Analytics,Alerts **MUST** be configured for anomalous read volume against CX Insights conversation data.,High,,"Update: HITRUST CSF v11 mapping added; Revision unchanged per author decision (2026-09-23). Review fix: Raised to High and MUST because detection on the Data Access log is the compensating control for the Pre-GA access boundary. (F41) Audit fix (2026-09-24): AC-6(7) removed (privilege review, not anomalous-read detection)."
1160,Monitoring & Analytics,Operational monitoring **MUST NOT** depend solely on the product's built-in conversation dashboards where conversation logging is disabled or can be disabled.,Med,1,corrected,1160,Monitoring & Analytics,Operational monitoring **MUST NOT** depend solely on the product's built-in conversation dashboards where conversation logging is disabled or can be disabled.,Med,,Update: HITRUST CSF v11 mapping added; Revision unchanged per author decision (2026-09-23). Review fix: Hedged the unverified claim that audit logs and metrics are unaffected by the logging toggle. (F123)
1170,Monitoring & Analytics,"An incident response procedure covering Gemini Enterprise for CX **MUST** be documented, including containment steps for a compromised agent application or tool.",High,1,corrected,1170,Monitoring & Analytics,"An incident response procedure covering Gemini Enterprise for CX **MUST** be documented, including containment steps for a compromised agent application or tool.",High,,"Update: HITRUST CSF v11 mapping added; Revision unchanged per author decision (2026-09-23). Review fix: Corrected the client-role wording to principals, added agent lock and allowed origins to containment, replaced CP-9 with CM-2(3), and clarified 164.410 as the business associate's duty. (F104, F128) Audit fix (2026-09-24): 164.410 mapping removed (a business associate's duty, not this organization's procedure); Notes still explain it."
1180,Compliance & Certification,A business associate agreement covering Google Cloud **MUST** be executed and its scope confirmed to include every Gemini Enterprise for CX component in use before production member conversation data is processed.,High,0,carried,1180,Compliance & Certification,A business associate agreement covering Google Cloud **MUST** be executed and its scope confirmed to include every Gemini Enterprise for CX component in use before production member conversation data is processed.,High,,Update: HITRUST CSF v11 mapping added; Revision unchanged per author decision (2026-09-23).
1190,Compliance & Certification,Only Gemini Enterprise for CX components named in Google's HIPAA covered products list **MUST** be used to process protected health information.,High,0,corrected,1190,Compliance & Certification,Gemini Enterprise for CX components **MUST NOT** process protected health information unless Google's HIPAA covered products list names the component or Google confirms in writing that the component falls within a listed product.,High,,"Update: HITRUST CSF v11 mapping added; Revision unchanged per author decision (2026-09-23). Review fix: Restated the directive as a MUST NOT on uncovered components and removed the implicit dependency on another control's prohibition. (F105, F129) Audit fix (2026-09-24): Test made decidable: coverage shown per component by its own list entry or written confirmation, since the suite itself is a listed entry."
1200,Compliance & Certification,Google Cloud surfaces branded Dialogflow **MUST NOT** be used to process protected health information within this deployment.,High,0,corrected,1200,Compliance & Certification,"Every Google API in the path of member conversation data, including the Dialogflow API (`dialogflow.googleapis.com`) used by Agent Assist and Conversational Agents, **MUST** be confirmed by Google in writing as within a product on Google's HIPAA covered products list before it processes protected health information.",High,,"Update: HITRUST CSF v11 mapping added; Revision unchanged per author decision (2026-09-23). Review fix: Replaced the unsatisfiable ban on Dialogflow-branded surfaces with a requirement to confirm in writing the BAA coverage of every API in the data path, naming the Dialogflow API used by Agent Assist. (F11)"
1210,Compliance & Certification,"Compliance attestations relied upon for Gemini Enterprise for CX **MUST** be retrieved, reviewed, and their exclusions tracked at least annually.",Med,0,corrected,1210,Compliance & Certification,"Compliance attestations relied upon for Gemini Enterprise for CX **MUST** be retrieved, reviewed, and their exclusions tracked at least annually.",Med,,"Update: HITRUST CSF v11 mapping added; Revision unchanged per author decision (2026-09-23). Review fix: Cited Google's SOC 2 and HITRUST scope pages, noted Compliance Reports Manager for retrieval, and recorded the naming mismatch between attestation scopes. (F106)"
1220,Compliance & Certification,The complete data flow for member conversation content across all Gemini Enterprise for CX components and supporting services **MUST** be documented and maintained as certification evidence.,High,0,corrected,1220,Compliance & Certification,The complete data flow for member conversation content across all Gemini Enterprise for CX components and supporting services **MUST** be documented and maintained as certification evidence.,High,,Update: HITRUST CSF v11 mapping added; Revision unchanged per author decision (2026-09-23). Audit fix (2026-09-24): Transient caches and A2A remote agents named in the data-flow record.
1230,Compliance & Certification,The residual risks this product cannot mitigate **MUST** be documented and formally accepted before production certification.,High,1,corrected,1230,Compliance & Certification,The residual risks this product cannot mitigate **MUST** be documented and formally accepted before production certification.,High,,Review fix: Added HITRUST 01.v because the accepted residual risks are access-control risks. (F107)
1240,Compliance & Certification,Gemini Enterprise for CX agent applications **MUST** be registered in the organization's AI system inventory with a named accountable owner.,Med,1,corrected,1240,Compliance & Certification,Gemini Enterprise for CX agent applications **MUST** be registered in the organization's AI system inventory with a named accountable owner.,Med,,Review fix: Replaced PT-2 with PM-5 for the AI system inventory. (F108) Audit fix (2026-09-24): Governance source added for the inventory requirement.
1250,Compliance & Certification,The security posture of this deployment **MUST** be reassessed whenever a Gemini Enterprise for CX component transitions a capability from Preview to general availability.,Med,1,corrected,1250,Compliance & Certification,The security posture of this deployment **MUST** be reassessed whenever a Gemini Enterprise for CX component transitions a capability from Preview to general availability.,Med,,Review fix: Made the trigger self-standing by stating the monthly release-note review in the row itself. (F129)
,,,,,new,1390,Tools & External Integrations,"Agent-to-agent (A2A) Protocol tools **MUST NOT** be configured on any agent application, for outbound delegation or for inbound invocation, while the capability is designated Preview.",High,,Audit fix (2026-09-24): New: A2A Protocol tools prohibited in both directions while Preview; inbound callers would hold the Client role including ces.tools.execute and can write context into the session.
,,,,,new,1400,Deployment & Channel Security,WhatsApp and Instagram deployments **MUST NOT** be created for any Gemini Enterprise for CX agent application.,High,,Audit fix (2026-09-24): New: WhatsApp and Instagram deployments prohibited; creation requires the project Owner role and the channel routes member conversations through Meta outside the Google BAA.
,,,,,new,1410,Identity & Access Management,The `roles/ces.appEditor` role **SHOULD** be held by a different set of individuals than those holding `roles/ces.agentEditor` or `roles/ces.toolsEditor` in projects serving production traffic.,Med,,"Audit fix (2026-09-24): New: App Editor separated from agent and tool editors (SHOULD), because application settings hold redaction, logging, and export."
